[{"q_id": "5lchat", "category": "Other", "title": "Why there was a ' leap second ' added to the end of 2016 ?", "title_urls": {"url": []}, "selftext": "", "selftext_urls": {"url": []}, "subreddit": "explainlikeimfive", "answers": {"a_id": ["dbuoyxl", "dbur7gi", "dbuotht"], "text": ["the rotation of the earth is not a constant . in fact the rotation of the earth is slowing down , which means that a full day is getting slightly longer . without leap seconds our clocks would slowly drift ever so slightly out of sync with the actual day . we could deal with this by redefining how how long 1 second is , making it slightly longer so that one day is still exactly 24 * 60 * 60 seconds . but in practice that is really inconvenient for a lot of our technology which relies on very precise timing . its easier to just move us ahead one second every couple of years or so .", "The Earth 's rotation is not regular . It varies a bit , so sometimes we add a second . We do this to ensure that noon is always going to be sometime around mid - day . If we did not add leap seconds , over a very long period of time where the Earth 's rotation slowly changed , noon could end up being at dusk . We want to keep 7 am in the morning , noon at mid - day , 7 pm around evening , etc . Though we have never had one , it 's also possible to have a negative leap second . That is , taking away a second from the year . This has never happened , but if the Earth 's rotation were to speed up , it could happen . The biggest thing to know about leap seconds is that they can cause computer problems . You might remember the Y2 K bug . A leap second can cause similar problems , and they actually have caused problems in the past . The reason for this is that generally we expect a day to have 24 hours , and for time to always move forward . With a leap second this is not true . When writing software , programers try to think of all the possible exceptions that could happen withing their code . For example , the program might expect a word , but instead get a number . A good programmer will check for these exceptions and deal with them . However , a programer can easily forget about leap seconds and not have a fail - safe in their code for when a day have more than 24 hours . When such an exception happens , the program can produce errors or crash . It is an interesting topic , you can read more about it here : URL_0", "Because the Earth 's rotation is slowing . If you multiply 24 hours by 60 minutes by 60 seconds , you find that there are 86400 seconds per day . The problem is that our definition of the second is based on [ an average that is a century old . ] ( URL_0 ) In modern times , the average day is about 2 thousandths of a second longer \u2014 again , because of Earth 's slowing rotation . Those thousandths of a second add up , so every few years we have to slip in an extra second to account for them . Without leap seconds , we 'd eventually end up with noon at 7 o'clock , though admittedly , this would take a very long time ."], "text_urls": [[], ["http://adminhacks.com/leap-second-bugs.html"], ["https://en.wikipedia.org/wiki/Newcomb%27s_Tables_of_the_Sun"]], "score": [44, 5, 4]}}, {"q_id": "5lcjq6", "category": "Other", "title": "How do you claim undiscovered land ?", "title_urls": {"url": []}, "selftext": "If your on a boat , sailing through lets say the Pacific and you come across an island and later on you find its an undiscovered island then can you claim it as your own land if your are A. In international waters B. Belong to a country or are a citizen of a country ? If you have the answer , who would you talk to to claim the land . By the way , this is just a hypothetical .", "selftext_urls": {"url": []}, "subreddit": "explainlikeimfive", "answers": {"a_id": ["dbuplm8", "dbuocvb", "dbux9vf"], "text": ["Imagine you are out walking in the woods near your house and you find a cave . You think to yourself , \" Gee that 's a real nice cave , there 's just enough room for my rocket car , my crime fighting computer and my superhero costume collection . It 'd be perfect for me . \" Let 's say that nobody already owns the cave , so you move in and bring in all your stuff . You carve a costume wardrobe into one of the stone walls , grab a shovel and flatten the floor a bit so your rocket car can drive in and out . After you 've finished working on the cave and fixing it up you start to think of it as yours . But not everybody agrees . There 's another guy a few miles away who also fancies himself a billionaire superhero like you . Flies around in a stupid metal suit that he made himself while a prisoner of the Taliban or something like that . Anyway , one day he walks by and sees your cave and thinks , \" That 's a great cave , I should make that my lair . \" So he comes in for a chat . He starts by telling you that he 's going to move into your cave because it 's his . You tell him to get stuffed , and that if he tries to take it from you , you 'll be forced to unwrap a bundle of BAM ! , POW ! and WHOOF ! on him . And what 's more , you 've recently adopted a teenage boy who 'll do the same . \" Yeah ? \" says the guy , \" Well if that 's how you feel , I 'm friends with a cryogenically frozen soldier , a Norse god and some dude who owns a bow and arrow . They 'll back me up if I ask them . Your move . \" \" So what ? \" you say . \" One of my friends is a super strong refugee from a dying planet , another is a mythical Amazonian warrior and there 's also a guy who was electrocuted by lightning while drowning in toxic chemicals . They 'll take your friends for sure . \" \" Yeah ? We 'll see . How fast can your friends be here ? \" \" Funny you should ask . There 's something I did n't tell you about my friend who got struck by lightning . \" Suddenly a phone rings . It 's the other guy 's cell . On the phone is a cool , english sounding voice with immense gravitas . \" Forget the cave . \" it says . \" I 've spent my life training superhero teams at my private academy , and I 'm telling you , your team is outgunned . In any case , nobody else wants a fight over this cave when we should all be working together for the good of mankind . Everyone else has decided the cave is his cause he claimed it first . So walk away . \" This call makes all the difference . The other guy might not be happy , but he leaves you in peace . The cave is yours because a ) you claimed it b ) you were in a position to defend it and c ) everyone else agreed that your claim and ability to defend were substantial enough to recognise your right of ownership .", "By force . Historically , nations have defended their territory via their military or the military of their allies . If you want to keep an undiscovered island for yourself , be prepared to fight for it .", "With a flag and an force / money to back the claim . Now you 've got a claim and prevented people from conquering it . The next step is making everybody else acknowledge the claim you have is legitimate . Historically that was usually done by force and/or transporting people there . If you 're interested there is discovered and unclaimed land in several places in the world ( terra nullius ) . Antartica has the most unclaimed land . A few other places have border disputes that result in neither side accepting a small chunk of land ."], "text_urls": [[], [], []], "score": [195, 39, 5]}}, {"q_id": "5lcl43", "category": "Technology", "title": "Why do we fail to do realistic human CGI ( like in SW Rouge One ) yet we do it so great on non - human beings ( like in Warcraft ) ?", "title_urls": {"url": []}, "selftext": "Title pretty much , thanks for answers in advance !", "selftext_urls": {"url": []}, "subreddit": "explainlikeimfive", "answers": {"a_id": ["dbuns7l", "dbunw2c", "dbup34d", "dbuo2f1"], "text": ["It 's more that we 're really good at picking up subtle mistakes in humans , and fantasy beasts have no reference , so its a lot harder for them to look wrong .", "Probably because we are so adapted to human skin / tone / etc . that our brains can pick out what is real and what is fake . Since we ca n't actually conceptualize what alien skin would be , real or fake is no different to us . Think about it like being scared as a child by a man dressed in a costume , over time we learn and accept that it is fake and not a threat ( except clowns fuck that shit ) .", "When was the last time you compared an Orc IRL to WoW ?", "It 's a phenomenon known as the uncanny valley . We are very good at noticing when something is off with our fellow human beings ."], "text_urls": [[], [], [], []], "score": [34, 11, 7, 7]}}, {"q_id": "5lcr1h", "category": "Biology", "title": "Why is it that we calm down when we take a deep breath , hold it for a few seconds and exhale ?", "title_urls": {"url": []}, "selftext": "", "selftext_urls": {"url": []}, "subreddit": "explainlikeimfive", "answers": {"a_id": ["dbuusst"], "text": ["Anxiety / stress are the result of your sympathetic nervous system being activated ( fight or flight response ) . When we are threatened we experience a variety of physical effects , e.g. increased heart rate , GI upset , jittery muscles , * rapid shallow breathing * . This helps us fight the threat or run away from it . Helpful when facing down a sabre - toothed tiger ; not so much when we ca n't speak to a large group . The parasympathetic nervous system works in opposition to the sympathetic nervous system . It 's the \" all is well \" setting for your bod- relaxation in terms of muscle and heart rate , * slow deep abdominal breathing * . What intentional deep breathing does is activate the parasympathetic nervous system , even if there is an anxiety - provoking event . Basically you are overriding the stress response with the \" nothing to worry about \" system . Since you ca n't simultaneously be threatened and unthreatened , your body takes the cue from the slow breathing to reduce or eliminate entirely the stress response ."], "text_urls": [[]], "score": [8]}}, {"q_id": "5lcsyf", "category": "Technology", "title": "Why does 1080p on a 4k TV look better than 1080p on a 1080p TV ?", "title_urls": {"url": []}, "selftext": "", "selftext_urls": {"url": []}, "subreddit": "explainlikeimfive", "answers": {"a_id": ["dbuq0qt", "dbuqstj"], "text": ["In a 1080p screen each pixel is represented by four individual points of light , one for each color and two for green . However when projecting 1080p video on a 4 K screen you have 16 individual points of light for each pixel . This gives you a lot more room to play with . If you just map it naively you end up with a crispier image since there now is less distance between the pixels . However you have room for some filters on top which can interpolate the additional pixels from the surrounding pixels depending on the context . So an intelligent algorithm will find out where you want a smoother gradient and where you want a crispier line .", "Besides what people are saying about upscaling interpolation . It may just be a better tv , the same way an excellent 1080p will look better than a Westinghouse UHD tv . Another option is vibrant picture settings , like added sharpness and enhanced color , which while they give you what the picture is supposed to look like , it makes it more eye catching ."], "text_urls": [[], []], "score": [9, 4]}}]